zipcode,n,mean_price,median_price,std_price,q1,q3,iqr_price
98039,50,2160606.6,1892500.0,1166477.3429548382,1401000.0,2556250.0,1155250.0
98148,57,284908.5964912281,278000.0,89616.94015241037,240000.0,319990.0,79990.0
98024,81,580526.7901234567,460000.0,377405.2370846792,340000.0,700000.0,360000.0
98010,100,423665.99,359999.5,195414.98276229942,256750.0,592500.0,335750.0
98102,105,901258.2666666667,720000.0,786662.1355182661,575000.0,979700.0,404700.0
98109,109,879623.6238532111,736000.0,455228.76447710104,620000.0,1000000.0,380000.0
98070,118,487479.6271186441,463750.0,201694.4923925384,342500.0,573008.75,230508.75
98014,124,455617.1129032258,415000.0,258603.4239399525,308500.0,536000.0,227500.0
98032,125,251296.24,249000.0,64705.426452077096,221700.0,285000.0,63300.0
98188,136,289078.3455882353,264000.0,103106.57994373831,228750.0,335000.0,106250.0
98007,141,617105.085106383,555000.0,199940.1848080174,465000.0,730000.0,265000.0
98005,168,810164.875,765475.0,268753.7202489798,637775.0,911250.0,273475.0
98119,184,849448.0163043478,744975.0,433722.5118729763,598750.0,937750.0,339000.0
98108,186,355678.51612903224,342500.0,104205.52379658846,284250.0,425000.0,140750.0
98019,190,424788.74736842106,401250.0,130518.17689818045,330168.75,499987.5,169818.75
98011,195,490351.4666666667,470000.0,121846.65822204165,412400.0,550000.0,137600.0
98077,198,682774.8787878788,652475.0,264338.4298302889,510000.0,833737.5,323737.5
98002,199,234284.0351758794,235000.0,52041.448658531335,199975.0,268500.0,68525.0
98045,221,439471.0814479638,399500.0,207231.8633944348,305000.0,495000.0,190000.0
98105,229,862825.2314410481,675000.0,477287.56546109077,550000.0,1005000.0,455000.0
98022,234,315709.30341880344,279500.0,123084.87158841897,235000.0,350000.0,115000.0
98166,254,464231.8385826772,390000.0,296462.9722083122,292250.0,540375.0,248125.0
98177,255,676185.3921568628,554000.0,435849.88525803696,428500.0,739475.0,310975.0
98030,256,296187.98046875,282255.0,72808.09896699576,249712.5,339912.5,90200.0
98178,262,310612.75572519086,278277.0,161044.74622685908,223250.0,349792.5,126542.5
98136,263,551688.6730038023,489950.0,250639.50477749194,398500.0,659000.0,260500.0
98107,266,579053.4172932331,529950.0,231561.3255998609,470000.0,628750.0,158750.0
98055,268,304262.1082089552,294950.0,93438.98297615112,239750.0,349962.5,110212.5
98168,269,240328.3717472119,235000.0,69984.81875812466,199950.0,285000.0,85050.0
98112,269,1095499.342007435,915000.0,593759.557759392,680000.0,1328000.0,648000.0
98072,273,569958.4652014652,515000.0,216598.74163186425,422800.0,642860.0,220060.0
98031,274,300539.8905109489,288200.0,78677.90031018073,252125.0,327500.0,75375.0
98003,280,294111.27857142856,267475.0,107597.6622357047,229000.0,330000.0,101000.0
98198,280,302878.8821428571,265000.0,154799.2719022488,216375.0,340000.0,123625.0
98040,282,1194230.0212765958,993750.0,607493.5001177221,822000.0,1385500.0,563500.0
98028,283,462480.035335689,445000.0,149490.23033930833,379975.0,525875.0,145900.0
98008,283,645507.3780918728,545000.0,421589.9546006513,465375.0,658500.0,193125.0
98146,288,359483.2395833333,305000.0,214142.40180378643,229375.0,405212.5,175837.5
98122,290,634360.1793103449,572000.0,284888.62677128514,451000.0,718750.0,267750.0
98065,310,527961.2032258065,500000.0,185624.4555094643,424962.5,618300.0,193337.5
98199,317,791820.807570978,689800.0,397868.23399974225,535000.0,950000.0,415000.0
98004,317,1355927.0820189274,1150000.0,745820.0894071042,845000.0,1691000.0,846000.0
98029,321,612653.6105919003,575000.0,215440.25729802335,485000.0,690000.0,205000.0
98116,330,618634.1696969697,562750.0,251740.11336414222,460000.0,699750.0,239750.0
98106,335,319581.3940298507,315000.0,97715.5866766548,260000.0,365500.0,105500.0
98144,343,594547.6501457726,450000.0,400590.40947203274,374975.0,665500.0,290525.0
98092,351,334921.0626780627,309780.0,122971.91020306367,263975.0,379000.0,115025.0
98126,354,424706.3559322034,395750.0,158509.57032576547,320000.0,483750.0,163750.0
98075,359,790576.6545961003,739999.0,285275.394375365,642000.0,867500.0,225500.0
98001,362,280804.6906077348,260000.0,98979.23009227865,215000.0,319375.0,104375.0
98053,405,678163.0592592593,635000.0,272092.7556984487,485000.0,790500.0,305500.0
98056,406,420890.54926108377,380000.0,229825.5280161293,289237.5,509100.0,219862.5
98125,410,469455.77073170734,425000.0,205437.82428586908,357312.5,517750.0,160437.5
98027,412,616990.5922330098,570500.0,290842.4855341589,450000.0,715375.0,265375.0
98033,432,803719.5231481482,678350.0,462520.9599311052,533750.0,900500.0,366750.0
98074,441,685605.775510204,642000.0,268141.3217375172,532000.0,798000.0,266000.0
98155,446,423725.69506726455,375000.0,268209.3170140409,315625.0,459987.5,144362.5
98058,455,353608.63516483514,335000.0,128670.69239801186,286000.0,391000.0,105000.0
98059,468,493552.53205128206,435000.0,232829.50944226864,339250.0,551750.0,212500.0
98133,494,386997.3967611336,375000.0,100866.37696560139,318000.0,435000.0,117000.0
98006,498,859684.7791164658,760184.5,445911.56914456177,575625.0,977250.0,401625.0
98023,499,286732.79158316634,268450.0,108771.95938977382,224548.5,316250.0,91701.5
98118,508,417637.43307086616,367500.0,226036.87575946996,288500.0,475375.0,186875.0
98034,545,521652.8587155963,445950.0,309625.61493610754,387000.0,525000.0,138000.0
98042,548,311632.10583941604,292000.0,106023.00831143887,240000.0,359950.0,119950.0
98117,553,576795.007233273,544000.0,188324.05159038136,450000.0,657500.0,207500.0
98052,574,645231.456445993,615000.0,197513.7921293866,509437.5,751000.0,241562.5
98115,583,619900.5471698113,567000.0,237363.4227640215,456750.0,719000.0,262250.0
98038,590,366867.6,342000.0,132662.84013075358,285250.0,410000.0,124750.0
98103,601,584827.5623960067,550000.0,209113.75329401434,432000.0,695000.0,263000.0
