feature,layer,family,source,target_derived,spatial,hypothesis,phase,first_iteration,status
property_age,DERIVED,AGE,"date,yr_built",False,False,Idade do imóvel na data da venda correlaciona com depreciação/estilo construtivo,3,fase03_segmentation,active
was_renovated,DERIVED,CONDITION,yr_renovated,False,False,Reforma recente sinaliza melhoria de condição não capturada por yr_built sozinho,5,fase05_raw_derived,rejected
years_since_renovation,DERIVED,CONDITION,"yr_renovated,date",False,False,"Efeito de reforma decai com o tempo — quanto mais recente, maior o prêmio de preço",5,fase05_raw_derived,rejected
has_basement,DERIVED,SIZE,sqft_basement,False,False,Presença de porão é um mecanismo de layout distinto de área total,5,fase05_raw_derived,rejected
basement_ratio,DERIVED,SIZE,"sqft_basement,sqft_living",False,False,"Proporção de área no porão captura composição do espaço, não só volume total",5,fase05_raw_derived,rejected
grade_condition_interaction,DERIVED,QUALITY,"grade,condition",False,False,"Fase 04 mostrou condition fraco isolado (r=0.057) e leve correlação negativa com grade (-0.12) — a interação pode capturar o efeito real de condição em imóveis de grade equivalente, que condition sozinho esconde",5,fase05_raw_derived,rejected
log_sqft_lot,DERIVED,SIZE,sqft_lot,False,False,"sqft_lot tem skew bruto 10.7 (checado em train); log1p reduz para 0.96, estabilizando a relação com price_log como já validado para o próprio alvo",5,fase05_raw_derived,rejected
dist_to_seattle_center,CONTEXTUAL,ACCESSIBILITY,"lat,long",False,True,Fase 04 mostrou gradiente espacial forte centrado na área urbana — distância euclidiana a um ponto fixo (centro de Seattle) captura acessibilidade sem memorizar identidade administrativa de zipcode,6,fase06_contextual,active
comps_knn_price,CONTEXTUAL,COMPARABLE_MARKET,"lat,long,price_log",True,True,Fase 04 mostrou hous_val_amt (demografia do zipcode) quase tão preditivo quanto atributos físicos — preço médio dos k=30 vizinhos espaciais mais próximos em TRAIN deve capturar sinal de mercado local mais fino que a média por zipcode,6,fase06_contextual,active
local_grade_percentile,CONTEXTUAL,RELATIVE_POSITION,"lat,long,grade",False,True,Grade absoluto não diz se um imóvel é bem ou mal avaliado frente aos vizinhos imediatos — percentil de grade entre os k=30 vizinhos espaciais em TRAIN testa se posição relativa importa além do valor absoluto,6,fase06_contextual,active
bedrooms,RAW,SIZE,bedrooms,False,False,Número de quartos aproxima tamanho/capacidade do imóvel — correlação bruta moderada com price_log (0.351),1,fase01_data_understanding,active
bathrooms,RAW,SIZE,bathrooms,False,False,Contagem de banheiros aproxima padrão de acabamento e tamanho — correlação bruta 0.551 com price_log,1,fase01_data_understanding,active
sqft_living,RAW,SIZE,sqft_living,False,False,Área construída é o proxy mais direto de tamanho — maior correlação bruta isolada entre as features físicas (0.695),1,fase01_data_understanding,active
sqft_lot,RAW,SIZE,sqft_lot,False,False,Área do terreno captura espaço externo/potencial de uso — correlação bruta fraca isolada (0.100),1,fase01_data_understanding,active
floors,RAW,SIZE,floors,False,False,Número de andares aproxima estilo construtivo e área utilizável — correlação bruta 0.311 com price_log,1,fase01_data_understanding,active
waterfront,RAW,WATERFRONT,waterfront,False,False,"Frente d'água é atributo de localização/amenidade premium — binário raro no dataset, correlação bruta 0.175",1,fase01_data_understanding,active
view,RAW,VIEW,view,False,False,Qualidade da vista (0-4) é atributo de amenidade — correlação bruta 0.347 com price_log,1,fase01_data_understanding,active
condition,RAW,CONDITION,condition,False,False,"Estado de conservação (1-5) — mecanismo de qualidade, mas a mais fraca das features isoladas (corr. 0.039); tentativa de reforçar via interação com grade (fase 07) foi rejeitada na ablation (fase 09)",1,fase01_data_understanding,active
grade,RAW,QUALITY,grade,False,False,Qualidade de construção/design (1-13) — maior correlação bruta com price_log entre todas as features (0.704),1,fase01_data_understanding,active
sqft_above,RAW,SIZE,sqft_above,False,False,"Área acima do solo — decompõe sqft_living em acima/abaixo do solo, correlação bruta 0.602",1,fase01_data_understanding,active
sqft_basement,RAW,SIZE,sqft_basement,False,False,"Área abaixo do solo (porão) — complementa sqft_above, correlação bruta 0.317",1,fase01_data_understanding,active
sqft_living15,RAW,NEIGHBORHOOD,sqft_living15,False,False,"Área construída média dos 15 vizinhos mais próximos pré-calculada pelo fornecedor — aproxima o padrão do entorno sem geoprocessamento próprio, correlação bruta 0.619",1,fase01_data_understanding,active
sqft_lot15,RAW,NEIGHBORHOOD,sqft_lot15,False,False,Área de terreno média dos 15 vizinhos mais próximos pré-calculada pelo fornecedor — correlação bruta fraca isolada (0.092),1,fase01_data_understanding,active
medn_hshld_incm_amt,RAW,DEMOGRAPHICS,"zipcode,census",False,True,"Renda média domiciliar do zipcode (dado censitário, merge 1:1) — proxy socioeconômico do entorno, correlação bruta 0.306",1,fase01_data_understanding,active
hous_val_amt,RAW,DEMOGRAPHICS,"zipcode,census",False,True,"Valor médio de imóveis no zipcode (dado censitário) — proxy direto de patamar de preço da região, segunda maior correlação bruta entre todas as features (0.631)",1,fase01_data_understanding,active
per_bchlr,RAW,DEMOGRAPHICS,"zipcode,census",False,True,"Percentual da população com diploma de bacharelado no zipcode (dado censitário) — proxy de perfil socioeconômico/escolaridade do entorno, correlação bruta 0.611",1,fase01_data_understanding,active
bathrooms_per_bedroom,DERIVED,SIZE,"bathrooms,bedrooms",False,False,"Extensão exploratória da fase 04 (notebooks/04_geographic_coverage.ipynb) achou bathrooms como a feature crua cujo gap de cobertura train->test mais correlaciona com erro real (r=0.25, maior entre as 16 BASELINE_FEATURES) — razão relativa tende a generalizar melhor que contagem bruta sob o holdout geográfico completo do split (fase 03)",7,fase07_raw_derived,rejected
sqft_living_to_lot_ratio,DERIVED,SIZE,"sqft_living,sqft_lot",False,False,"Extensão da fase 04 achou sqft_lot/sqft_lot15 com maior gap de distribuição relativa train->test (20-21%) depois de floors; log_sqft_lot (fase 05) foi rejeitado na ablation olhando só MAE médio — esta razão ataca a mesma escassez por outro ângulo (tamanho relativo ao lote, não escala absoluta)",7,fase07_raw_derived,rejected
property_cluster_distance,DERIVED,PHYSICAL_TYPICALITY,"property_cluster,sqft_living,sqft_lot,bedrooms,bathrooms,floors,grade,condition,view,waterfront,property_age",False,False,"Extensão exploratória da fase 06 (notebooks/06_market_property_segmentation.ipynb) achou que o property_cluster raro (perfil físico de luxo, fitado só em train) tem erro médio 4.5x pior em test, mas sua frequência por partição varia por acaso de qual zipcode caiu em qual grupo (split fase 03) — distância contínua ao centróide (reusa KMeans/scaler já fitados em train) preserva o sinal de erro sem herdar essa instabilidade categórica",7,fase07_raw_derived,rejected
dist_to_nearest_train_zip,CONTEXTUAL,ACCESSIBILITY,"lat,long (fit de centróides de zipcode em train)",False,True,"Promove pra feature real o diagnóstico da fase 04 (nearest_train_zip_distance, so usado como leitura), calculado por imóvel em vez de por zipcode agregado — dist_to_seattle_center (ponto fixo) tem correlação fraca isolada (-0.188); esta é dinâmica e reflete cobertura real do dado de train",8,fase08_contextual,rejected
comps_knn_neighbor_distance,CONTEXTUAL,COMPARABLE_MARKET,"lat,long (via SpatialIndex fitado em train)",False,True,"A própria fase 08 achou comps_knn_price com gap forte train->test (r=0.833 -> 0.601, -0.232) por causa do holdout geográfico completo (fase 03/04) — expor a distância média aos k=30 vizinhos usados no comp deixa o modelo aprender a descontar comps_knn_price quando o vizinho mais próximo está longe",8,fase08_contextual,rejected
local_price_dispersion,CONTEXTUAL,COMPARABLE_MARKET,"lat,long,price_log (via SpatialIndex fitado em train)",True,True,"Desvio-padrão do price_log entre os mesmos k=30 vizinhos espaciais de comps_knn_price (reusa o índice, sem novo fit) — heterogeneidade do mercado local como sinal de incerteza, complementa comps_knn_price/local_grade_percentile",8,fase08_contextual,rejected
