bedrooms,bathrooms,sqft_living,sqft_lot,floors,waterfront,view,condition,grade,sqft_above,sqft_basement,yr_built,yr_renovated,zipcode,lat,long,sqft_living15,sqft_lot15
4,2.25,2240,5000,2.0,0,0,3,8,1770,470,1900,2014,98122,47.6027,-122.295,2120,5000
3,2.5,2090,9847,2.0,0,2,3,9,2090,0,1983,0,98006,47.5651,-122.114,2860,11483
3,2.25,2430,8327,1.0,0,0,4,9,1430,1000,1978,0,98006,47.5534,-122.16,2550,10427
3,1.75,2500,8289,1.0,0,0,4,7,1250,1250,1958,0,98056,47.4973,-122.177,1710,8205
4,2.75,3800,9606,2.0,0,0,3,9,3800,0,2008,0,98011,47.7368,-122.208,3400,9677
3,1.5,1960,8815,1.0,0,0,4,7,1020,940,1958,0,98006,47.5765,-122.159,1760,9534
2,1.0,1747,12250,2.5,0,0,4,6,1747,0,1948,0,98001,47.3282,-122.285,1620,10300
3,1.75,1930,10183,1.0,0,0,4,8,1480,450,1975,0,98006,47.5624,-122.135,2320,10000
2,1.0,790,5120,1.0,0,0,3,6,790,0,1950,0,98136,47.557,-122.395,1250,5120
3,2.5,1810,7210,1.0,0,0,5,7,1210,600,1968,0,98059,47.5067,-122.163,1770,7210
3,1.0,1100,5734,1.0,0,0,4,7,1100,0,1955,0,98030,47.3632,-122.174,1770,6050
3,2.25,1500,7482,1.0,0,0,4,7,1210,290,1968,0,98055,47.4619,-122.187,1480,7308
4,1.75,1830,9600,1.0,0,0,4,7,1010,820,1966,0,98006,47.5728,-122.125,1910,11100
4,2.0,2260,6000,1.0,0,0,3,8,1430,830,1958,0,98115,47.6876,-122.298,2030,5874
3,1.5,1430,8000,1.0,0,0,5,7,1430,0,1948,0,98155,47.772,-122.322,1410,9820
3,1.75,2930,266587,2.0,0,0,3,8,2440,490,1995,0,98014,47.6991,-121.947,2700,438213
2,1.0,610,4000,1.0,0,0,4,6,610,0,1918,0,98136,47.5469,-122.391,870,5160
3,2.25,1770,8165,2.0,0,0,3,7,1770,0,1977,0,98034,47.7166,-122.236,1650,8165
5,3.0,2560,12480,1.0,0,0,3,8,1590,970,2012,0,98155,47.7657,-122.284,2500,17299
2,1.0,1000,5120,1.0,0,0,3,6,1000,0,1902,0,98122,47.6088,-122.307,1940,4300
2,1.0,1000,7664,1.0,0,2,3,7,1000,0,1939,0,98115,47.7001,-122.311,1570,6350
3,1.75,2100,3264,1.5,0,0,5,7,1350,750,1912,0,98107,47.6702,-122.364,1720,3750
2,2.25,1360,1336,3.0,0,0,3,8,1360,0,2008,0,98107,47.6714,-122.392,1280,1295
3,1.75,1730,18250,1.0,0,0,3,8,1730,0,1988,0,98011,47.737,-122.201,2180,10027
3,2.25,2360,5504,2.0,0,0,4,8,2080,280,1913,0,98122,47.617,-122.288,2840,5470
