experiment_id,dataset_version,feature_set_version,hypothesis_id,model,hyperparameters,split_version,metrics,timestamp,git_commit,status
fase10_k15,features_contextual_v1,spatial_k15,fase10_h1_k_neighbors,xgboost,"{""n_estimators"": 400, ""max_depth"": 3, ""learning_rate"": 0.05}",split_v1,"{""global_mae"": 111335.27188622825, ""luxury_mae"": 211113.50641856846}",2026-08-16T19:31:10.047158+00:00,,rejected
fase10_k30,features_contextual_v1,spatial_k30,fase10_h1_k_neighbors,xgboost,"{""n_estimators"": 400, ""max_depth"": 3, ""learning_rate"": 0.05}",split_v1,"{""global_mae"": 104220.79604470027, ""luxury_mae"": 207942.46667531124}",2026-08-16T19:31:10.490236+00:00,,kept_baseline
fase10_k50,features_contextual_v1,spatial_k50,fase10_h1_k_neighbors,xgboost,"{""n_estimators"": 400, ""max_depth"": 3, ""learning_rate"": 0.05}",split_v1,"{""global_mae"": 100475.56967130768, ""luxury_mae"": 198452.58136670128}",2026-08-16T19:31:11.060271+00:00,,rejected_near_miss
fase10_k15,features_contextual_v1,spatial_k15,fase10_h1_k_neighbors,xgboost,"{""n_estimators"": 400, ""max_depth"": 3, ""learning_rate"": 0.05}",split_v1,"{""global_mae"": 111335.27188622825, ""luxury_mae"": 211113.50641856846}",2026-08-16T19:31:54.329246+00:00,,candidate
fase10_k30,features_contextual_v1,spatial_k30,fase10_h1_k_neighbors,xgboost,"{""n_estimators"": 400, ""max_depth"": 3, ""learning_rate"": 0.05}",split_v1,"{""global_mae"": 104220.79604470027, ""luxury_mae"": 207942.46667531124}",2026-08-16T19:31:54.833045+00:00,,candidate
fase10_k50,features_contextual_v1,spatial_k50,fase10_h1_k_neighbors,xgboost,"{""n_estimators"": 400, ""max_depth"": 3, ""learning_rate"": 0.05}",split_v1,"{""global_mae"": 100475.56967130768, ""luxury_mae"": 198452.58136670128}",2026-08-16T19:31:55.416189+00:00,,candidate
fase15_drop_comps_knn_price,features_contextual_v1,features_19_no_comps_knn_price,fase15_h1_drop_comps_knn_price,xgboost,"{""n_estimators"": 400, ""max_depth"": 3, ""learning_rate"": 0.05}",split_v1,"{""train_cv_mae_baseline"": 76905.72, ""train_cv_mae_candidate"": 103577.25, ""train_cv_change_pct"": 0.3468, ""test_mae_baseline"": 104220.8, ""test_mae_candidate"": 99015.49, ""test_change_pct"": -0.0499, ""entry_band_change_pct"": 0.3407}",2026-08-17T01:34:17+00:00,,rejected
fase10_k15,features_contextual_v1,spatial_k15,fase10_h1_k_neighbors,xgboost,"{""n_estimators"": 400, ""max_depth"": 3, ""learning_rate"": 0.05}",split_v1,"{""global_mae"": 111335.27188622825, ""luxury_mae"": 211113.50641856846}",2026-08-17T22:16:33.933406+00:00,,candidate
fase10_k30,features_contextual_v1,spatial_k30,fase10_h1_k_neighbors,xgboost,"{""n_estimators"": 400, ""max_depth"": 3, ""learning_rate"": 0.05}",split_v1,"{""global_mae"": 104220.79604470027, ""luxury_mae"": 207942.46667531124}",2026-08-17T22:16:34.391255+00:00,,candidate
fase10_k50,features_contextual_v1,spatial_k50,fase10_h1_k_neighbors,xgboost,"{""n_estimators"": 400, ""max_depth"": 3, ""learning_rate"": 0.05}",split_v1,"{""global_mae"": 100475.56967130768, ""luxury_mae"": 198452.58136670128}",2026-08-17T22:16:34.984470+00:00,,candidate
fase10_k15,features_contextual_v1,spatial_k15,fase10_h1_k_neighbors,xgboost,"{""n_estimators"": 400, ""max_depth"": 3, ""learning_rate"": 0.05}",split_v1,"{""global_mae"": 111335.27188622825, ""luxury_mae"": 211113.50641856846}",2026-08-17T22:32:25.727563+00:00,,candidate
fase10_k30,features_contextual_v1,spatial_k30,fase10_h1_k_neighbors,xgboost,"{""n_estimators"": 400, ""max_depth"": 3, ""learning_rate"": 0.05}",split_v1,"{""global_mae"": 104220.79604470027, ""luxury_mae"": 207942.46667531124}",2026-08-17T22:32:26.171772+00:00,,candidate
fase10_k50,features_contextual_v1,spatial_k50,fase10_h1_k_neighbors,xgboost,"{""n_estimators"": 400, ""max_depth"": 3, ""learning_rate"": 0.05}",split_v1,"{""global_mae"": 100475.56967130768, ""luxury_mae"": 198452.58136670128}",2026-08-17T22:32:26.766730+00:00,,candidate
fase10_k15,features_contextual_v1,spatial_k15,fase10_h1_k_neighbors,xgboost,"{""n_estimators"": 400, ""max_depth"": 3, ""learning_rate"": 0.05}",split_v1,"{""global_mae"": 111246.76763722107, ""luxury_mae"": 209320.54447614108}",2026-08-18T02:00:16.479319+00:00,,candidate
fase10_k30,features_contextual_v1,spatial_k30,fase10_h1_k_neighbors,xgboost,"{""n_estimators"": 400, ""max_depth"": 3, ""learning_rate"": 0.05}",split_v1,"{""global_mae"": 102875.7539003404, ""luxury_mae"": 208942.32157676356}",2026-08-18T02:00:16.978407+00:00,,candidate
fase10_k50,features_contextual_v1,spatial_k50,fase10_h1_k_neighbors,xgboost,"{""n_estimators"": 400, ""max_depth"": 3, ""learning_rate"": 0.05}",split_v1,"{""global_mae"": 99050.90760920953, ""luxury_mae"": 196465.69540975106}",2026-08-18T02:00:17.626236+00:00,,candidate
